City,Cloudiness,Country,Date,Humidity,Lat,Lng,Max Temp,Wind Speed
Provideniya,92,RU,1549139992,94,64.42,-173.23,32.41,37.58
Byron Bay,90,AU,1549137600,100,-28.65,153.62,73.4,3.36
Jamestown,0,AU,1549139771,65,-33.21,138.6,67.29,6.6
Tokmak,88,UA,1549139980,96,47.26,35.7,38.12,6.82
Ushuaia,75,AR,1549137600,67,-54.81,-68.31,59.0,20.8
Channagiri,0,IN,1549139981,58,14.03,75.92,64.14,7.72
Tuktoyaktuk,20,CA,1549137600,74,69.44,-133.03,-22.01,12.75
Kodiak,90,US,1549137300,96,39.95,-94.76,50.0,12.75
Guerrero Negro,92,MX,1549139982,68,27.97,-114.04,67.87,3.8
Hasaki,0,JP,1549137600,86,35.73,140.83,28.4,5.82
Yulara,0,AU,1549137600,39,-25.24,130.99,80.6,8.05
The Valley,40,AI,1549137600,65,18.22,-63.06,80.6,12.75
Bluff,92,AU,1549139994,87,-23.58,149.07,74.12,17.22
Yar-Sale,32,RU,1549139995,46,66.83,70.83,-27.9,6.93
Mataura,8,NZ,1549139995,68,-46.19,168.86,60.31,4.36
Pisco,0,PE,1549137600,30,-13.71,-76.2,71.6,17.22
Lorengau,80,PG,1549139995,100,-2.02,147.27,80.29,8.61
Tura,0,IN,1549139996,80,25.52,90.21,50.64,2.24
Khatanga,68,RU,1549139996,67,71.98,102.47,-14.53,8.39
Fortuna,0,ES,1549137600,25,38.18,-1.13,53.6,18.34
Rikitea,0,PF,1549139992,100,-23.12,-134.97,80.65,8.61
Kapaa,90,US,1549137360,81,22.08,-159.32,75.02,18.34
Dinar,0,TR,1549138800,100,38.07,30.16,37.4,3.36
Hilo,75,US,1549138140,71,19.71,-155.08,77.0,6.93
Katsuura,75,JP,1549137600,93,33.93,134.5,35.6,8.05
Tasiilaq,88,GL,1549137000,73,65.61,-37.64,26.6,29.97
Bredasdorp,68,ZA,1549137600,88,-34.53,20.04,66.2,2.24
Diamantino,12,BR,1549139999,74,-14.4,-56.44,86.14,5.03
Trincomalee,92,LK,1549139999,88,8.58,81.23,76.87,6.15
Najran,20,SA,1549137600,23,17.54,44.22,77.0,6.93
Hobart,0,AU,1549137600,87,-42.88,147.33,59.0,5.59
Erzin,0,TR,1549138800,75,36.95,36.2,48.2,3.36
Butaritari,8,KI,1549140000,99,3.07,172.79,84.61,17.78
Punta Arenas,75,CL,1549137600,52,-53.16,-70.91,64.4,28.86
Takoradi,88,GH,1549140001,100,4.89,-1.75,76.87,7.72
Fairbanks,1,US,1549137480,76,64.84,-147.72,-19.67,3.36
Albany,75,US,1549138740,43,42.65,-73.75,30.02,11.41
Cape Town,40,ZA,1549137600,88,-33.93,18.42,68.0,9.17
Taoudenni,0,ML,1549140002,49,22.68,-3.98,57.25,8.05
Yellowknife,20,CA,1549137600,66,62.45,-114.38,-32.81,2.24
Puerto Ayora,20,EC,1549137600,70,-0.74,-90.35,84.2,9.17
Vaini,32,IN,1549140003,75,15.34,74.49,65.08,2.57
Sobolevo,92,RU,1549140003,96,54.43,31.9,32.23,14.54
Chake Chake,8,TZ,1549140003,100,-5.25,39.77,81.46,11.86
Busselton,0,AU,1549140004,100,-33.64,115.35,59.95,16.55
Kaitangata,0,NZ,1549140004,74,-46.28,169.85,59.27,4.25
Dagami,32,PH,1549140004,94,11.06,124.9,75.02,9.73
Port Alfred,92,ZA,1549140004,93,-33.59,26.89,71.47,15.77
Geraldton,75,CA,1549137600,58,49.72,-86.95,-4.01,5.82
Hithadhoo,80,MV,1549140005,99,-0.6,73.08,83.71,13.98
Kloulklubed,92,PW,1549140005,100,7.04,134.26,77.5,15.66
Saskylakh,12,RU,1549140006,39,71.97,114.09,-25.42,6.6
Flinders,76,AU,1549137600,100,-34.58,150.85,68.0,4.14
Margate,0,AU,1549137600,87,-43.03,147.26,59.0,4.47
Husavik,92,CA,1549140006,86,50.56,-96.99,4.37,9.17
Hermanus,76,ZA,1549140001,96,-34.42,19.24,63.24,2.8
San Patricio,68,PY,1549140007,72,-26.98,-56.83,84.16,7.16
Turan,36,RU,1549140007,44,52.15,93.92,-30.69,2.01
Nhulunbuy,40,AU,1549137600,83,-12.18,136.78,82.4,18.34
Palafrugell,20,ES,1549137600,86,41.92,3.16,41.0,2.24
Tiksi,20,RU,1549140008,0,71.64,128.87,-37.62,2.91
Mar del Plata,0,AR,1549139886,31,-46.43,-67.52,79.3,12.41
Goya,88,AR,1549140008,94,-29.14,-59.27,78.58,3.91
Cherskiy,12,RU,1549140009,68,68.75,161.3,-9.54,11.3
Guamuchil,0,MX,1549140009,54,25.47,-108.1,80.15,4.92
Avarua,75,CK,1549137600,78,-21.21,-159.78,82.4,6.93
Esperance,20,TT,1549137600,94,10.24,-61.45,84.2,12.75
Qaanaaq,0,GL,1549140010,100,77.48,-69.36,-18.22,7.72
Touros,40,BR,1549137600,66,-5.2,-35.46,86.0,12.75
Mbandaka,64,CD,1549140010,88,0.05,18.26,77.86,2.13
Kirakira,44,SB,1549140011,100,-10.46,161.92,83.75,12.41
Saldanha,8,PT,1549140011,90,41.42,-6.55,34.03,7.49
Naze,76,NG,1549140012,86,5.43,7.07,78.17,4.92
Thakurgaon,0,BD,1549140012,83,26.02,88.47,55.45,4.81
Saint George,75,GR,1549137000,87,39.45,22.34,48.2,2.57
Inirida,48,CO,1549140012,74,3.87,-67.92,83.26,3.91
Uruzgan,44,AF,1549140013,63,32.93,66.63,12.34,1.79
Te Anau,12,NZ,1549140013,68,-45.41,167.72,56.44,3.69
Ilulissat,75,GL,1549137000,36,69.22,-51.1,30.2,21.92
Barrow,0,AR,1549140014,62,-38.31,-60.23,66.16,13.42
East London,100,ZA,1549140007,96,-33.02,27.91,75.02,23.82
Havoysund,24,NO,1549138800,66,71.0,24.66,15.8,39.15
Flin Flon,90,CA,1549137600,68,54.77,-101.88,-14.81,10.29
Luangwa,24,MZ,1549140015,53,-15.62,30.4,83.08,8.16
Eyl,76,SO,1549140000,100,7.98,49.82,73.27,15.66
Pevek,32,RU,1549140015,90,69.7,170.27,-15.3,11.41
Wewak,80,PG,1549140015,100,-3.55,143.63,74.8,2.57
Port-Gentil,20,GA,1549137600,88,-0.72,8.78,82.4,8.05
Ugoofaaru,20,MV,1549140016,100,5.67,73.0,81.05,9.62
North Bend,90,US,1549137360,89,43.41,-124.22,51.98,5.82
Lebu,0,ET,1549140016,48,8.96,38.73,41.5,3.69
Suihua,20,CN,1549140017,74,46.64,126.99,7.84,9.17
Cabo San Lucas,40,MX,1549137000,64,22.89,-109.91,77.0,9.17
Secunda,76,ZA,1549140017,98,-26.52,29.2,60.09,5.93
Nikolskoye,75,RU,1549137600,92,59.7,30.79,26.6,15.66
Alice Springs,40,AU,1549137600,61,-23.7,133.88,77.0,6.93
Lasa,20,CY,1549137600,87,34.92,32.53,51.8,6.93
Spirit River,75,CA,1549137600,62,55.78,-118.84,-16.61,16.11
Pemba,20,MZ,1549137600,83,-12.97,40.52,82.4,5.82
Xiongyue,80,CN,1549140019,97,40.18,122.12,27.64,2.57
Ariquemes,76,BR,1549140019,87,-9.91,-63.03,80.6,2.68
Port Elizabeth,1,US,1549137360,63,39.31,-74.98,30.92,9.17
Kosonsoy,12,UZ,1549140020,75,41.25,71.55,12.61,2.13
Perth,0,GB,1549138800,79,56.4,-3.43,28.4,5.82
Kailua,90,US,1549137420,90,21.39,-157.74,73.04,13.87
Wajima,92,JP,1549140020,89,37.4,136.9,47.53,10.74
Ternate,20,PH,1549137600,78,14.29,120.72,73.4,2.24
Sitka,0,US,1549140021,51,37.17,-99.65,67.55,17.22
Dicabisagan,92,PH,1549140021,100,17.08,122.42,72.73,8.95
Upernavik,8,GL,1549140008,100,72.79,-56.15,6.04,12.19
Chokurdakh,0,RU,1549140005,0,70.62,147.9,-39.37,4.03
Hervey Bay,90,AU,1549137600,88,-25.3,152.85,71.6,8.05
Nizwa,88,OM,1549140022,76,22.93,57.53,63.46,3.69
San Jeronimo,80,PE,1549140023,81,-13.65,-73.37,51.04,2.46
Salalah,40,OM,1549137000,73,17.01,54.1,75.2,6.93
Jinchang,0,CN,1549140023,54,38.52,102.19,-9.54,4.92
Ampanihy,0,MG,1549140024,71,-24.69,44.75,72.77,12.3
Izhma,24,RU,1549140024,75,65.01,53.91,-16.92,5.82
Hamilton,75,BM,1549137300,55,32.3,-64.78,64.4,11.41
Mahebourg,20,MU,1549137600,83,-20.41,57.7,77.0,4.7
Atuona,44,PF,1549139993,100,-9.8,-139.03,80.79,18.57
Faanui,64,PF,1549140025,100,-16.48,-151.75,82.59,15.99
Lipari,75,IT,1549137300,72,38.47,14.95,60.8,4.7
Naqadeh,8,IR,1549139755,89,36.96,45.39,25.07,6.71
Talnakh,12,RU,1549139995,79,69.49,88.39,-38.34,2.13
Sept-Iles,75,CA,1549137600,50,50.2,-66.38,6.8,9.17
Arraial do Cabo,20,BR,1549137600,62,-22.97,-42.02,89.6,17.22
Kahului,90,US,1549137960,93,20.89,-156.47,73.94,19.46
Shenzhen,40,CN,1549137600,93,22.54,114.05,68.0,4.47
Loikaw,0,MM,1549140027,93,19.67,97.21,50.14,2.24
Airai,68,TL,1549140027,91,-8.93,125.41,70.03,2.01
Anadyr,90,RU,1549137600,85,64.73,177.51,15.8,40.26
Bubaque,0,GW,1549140028,93,11.28,-15.83,79.07,15.21
Gigmoto,8,PH,1549140028,100,13.78,124.39,75.92,11.97
San Policarpo,80,PH,1549140029,93,12.18,125.51,76.51,14.43
Dingle,36,PH,1549140029,85,11.0,122.67,72.91,13.87
Amapa,20,HN,1549137600,49,15.09,-87.97,89.6,11.41
Bathsheba,40,BB,1549137600,61,13.22,-59.52,80.6,16.11
Chicama,0,PE,1549137600,69,-7.84,-79.15,82.4,8.05
Bethel,90,US,1549137600,100,60.79,-161.76,35.06,31.09
Clearlake,75,US,1549137360,66,38.96,-122.63,55.94,9.17
Vila Velha,75,BR,1549137600,78,-3.71,-38.6,82.4,8.05
Piacabucu,8,BR,1549140031,67,-10.41,-36.43,81.91,10.96
Severo-Kurilsk,68,RU,1549140032,100,50.68,156.12,31.6,23.49
Nouakchott,0,MR,1549137600,23,18.08,-15.98,75.2,10.29
Codrington,90,AU,1549137600,100,-28.95,153.24,69.8,4.03
Garowe,0,SO,1549140032,49,8.41,48.48,67.55,10.74
New Norfolk,0,AU,1549137600,87,-42.78,147.06,59.0,6.6
Saint-Philippe,90,CA,1549137600,85,45.36,-73.48,19.4,13.87
Krasnoborsk,76,RU,1549140033,75,61.56,45.93,12.2,6.15
Clarksville,90,US,1549138500,41,36.53,-87.36,80.06,4.7
Quelimane,20,MZ,1549137600,78,-17.88,36.89,82.4,3.36
Cay,12,TR,1549140035,86,38.59,31.03,28.63,2.35
Santana,90,BR,1549137600,100,-0.06,-51.18,78.8,4.7
Petukhovo,88,RU,1549140035,81,55.06,67.89,-4.63,9.4
Mandalgovi,36,MN,1549140036,54,45.76,106.27,-7.92,4.25
Leningradskiy,88,RU,1549140036,96,69.38,178.42,-2.38,3.36
Thinadhoo,76,MV,1549140037,99,0.53,72.93,83.12,12.64
Adrar,0,DZ,1549137600,20,27.87,-0.29,62.6,14.99
Santa Fe,12,AR,1549140037,77,-31.62,-60.7,80.47,12.97
Castro,0,CL,1549137600,32,-42.48,-73.76,84.2,10.29
Maniitsoq,0,GL,1549140038,73,65.42,-52.9,16.84,5.03
Dunedin,0,NZ,1549140010,73,-45.87,170.5,58.87,3.91
Kavieng,48,PG,1549140039,100,-2.57,150.8,79.84,10.74
Kroya,68,ID,1549140039,96,-6.5,108.06,71.29,3.58
Alofi,40,NU,1549137600,74,-19.06,-169.92,82.4,11.41
Beringovskiy,88,RU,1549140040,96,63.05,179.32,30.97,18.12
Luderitz,20,NA,1549140040,94,-26.65,15.16,59.72,6.38
Klaksvik,20,FO,1549138800,100,62.23,-6.59,26.6,8.05
Rawson,0,AR,1549140041,29,-43.3,-65.11,79.48,8.72
Poya,0,NC,1549140041,100,-21.35,165.16,77.27,16.44
Dawlatabad,100,AF,1549140041,95,36.41,64.91,44.47,2.8
Banjar,64,ID,1549140042,99,-7.37,108.54,70.48,1.34
Iqaluit,75,CA,1549137660,72,63.75,-68.52,10.4,18.34
Nianzishan,32,CN,1549140042,70,47.51,122.88,4.06,12.53
Gamboma,64,CG,1549140042,84,-1.87,15.88,77.19,4.47
Bilma,0,NE,1549140043,46,18.69,12.92,58.96,3.36
Novokruchininskiy,8,RU,1549137600,50,51.78,113.77,-20.21,8.95
Buritis,44,BR,1549140043,31,-15.62,-46.42,92.89,4.25
Nioro,20,GM,1549140043,42,13.79,-15.05,79.12,5.37
Victoria,75,BN,1549137600,100,5.28,115.24,77.0,6.26
Kontagora,8,NG,1549140044,65,10.4,5.47,73.36,0.78
Miri,0,NG,1549140044,50,10.31,9.75,66.84,4.59
Ponta do Sol,0,BR,1549139994,54,-20.63,-46.0,86.77,2.91
Ouro Preto do Oeste,32,BR,1549140045,78,-10.75,-62.22,83.62,2.68
Constitucion,90,MX,1549136520,11,23.99,-104.67,68.0,6.93
Dudinka,20,RU,1549140045,51,69.41,86.18,-30.1,7.38
Souillac,0,FR,1549137600,69,45.6,-0.6,39.2,9.17
Chuy,48,UY,1549140046,83,-33.69,-53.46,71.38,18.68
Richards Bay,68,ZA,1549140046,99,-28.77,32.06,68.95,2.91
Tateyama,36,JP,1549140047,96,36.66,137.31,12.2,2.13
Daru,8,SL,1549140047,79,7.99,-10.85,77.86,5.14
Otradnoye,75,RU,1549137600,92,59.77,30.8,26.6,15.66
Lavrentiya,88,RU,1549140048,92,65.58,-170.99,32.5,33.33
Hit,0,IQ,1549140048,81,33.64,42.83,43.57,7.72
Esna,8,RO,1549140048,89,45.2,27.57,34.84,3.91
Faya,0,SA,1549137600,67,18.39,42.45,57.2,3.69
Dzhebariki-Khaya,56,RU,1549140049,84,62.22,135.8,-39.69,2.35
Osoyoos,75,CA,1549138080,80,49.03,-119.47,35.6,13.87
Samarai,44,PG,1549140049,100,-10.62,150.67,83.08,9.95
Abu Samrah,0,SY,1549140049,81,35.3,37.18,40.51,0.89
Puerto Escondido,0,MX,1549140050,100,15.86,-97.07,80.65,5.59
Okakarara,36,NA,1549140050,82,-20.59,17.46,67.51,3.13
Kruisfontein,0,ZA,1549140050,91,-34.0,24.73,68.86,14.43
Nyurba,56,RU,1549140051,56,63.29,118.35,-32.49,8.39
Watsa,0,CD,1549140051,69,3.04,29.53,71.42,2.57
Belmonte,0,PT,1549140051,79,40.36,-7.35,35.47,6.71
Sompeta,0,IN,1549140052,79,18.93,84.6,56.04,3.8
Cayenne,75,GF,1549137600,74,4.94,-52.33,82.4,10.29
Thompson,90,CA,1549137600,67,55.74,-97.86,-22.01,3.36
Georgetown,75,GY,1549137600,83,6.8,-58.16,78.8,4.7
Portland,90,US,1549135740,92,45.52,-122.67,48.92,6.93
Corbelia,48,BR,1549140053,51,-24.8,-53.31,89.47,8.95
Batemans Bay,20,AU,1549140053,97,-35.71,150.18,71.02,5.14
Goure,0,NE,1549140053,42,13.98,10.27,68.59,5.03
Pindiga,0,NG,1549140054,32,9.98,10.93,72.64,6.93
Seymchan,80,RU,1549140054,59,62.93,152.39,-13.45,16.55
High Prairie,36,CA,1549140054,56,55.43,-116.48,-7.11,9.17
Saint-Augustin,0,FR,1549137600,94,44.83,-0.61,41.0,6.93
Zhigansk,20,RU,1549140055,75,66.77,123.37,-37.35,6.6
Sinnamary,92,GF,1549140027,100,5.38,-52.96,78.04,11.52
Leamington,1,CA,1549139760,74,42.05,-82.6,41.0,12.75
Cuiluan,80,CN,1549140055,72,47.72,128.65,9.77,4.47
Chapais,75,CA,1549138560,64,49.78,-74.86,-0.41,12.75
Algarrobo,0,CO,1549140056,35,10.19,-74.06,91.45,2.57
Cam Ranh,20,VN,1549137600,83,11.92,109.15,73.4,2.24
Isangel,80,VU,1549140057,100,-19.55,169.27,78.13,11.41
Cabrero,0,CL,1549137600,23,-37.04,-72.4,104.0,9.17
Praia da Vitoria,20,PT,1549137600,77,38.73,-27.07,62.6,18.01
Kudahuvadhoo,36,MV,1549140058,100,2.67,72.89,81.91,12.75
Guarapari,20,BR,1549137600,62,-20.67,-40.5,87.8,21.92
Umm Kaddadah,0,SD,1549140058,35,13.6,26.69,65.94,9.17
Ewing,1,US,1549138500,58,40.27,-74.8,33.08,11.41
Uige,24,AO,1549140059,93,-7.61,15.06,69.62,2.13
Yugorsk,68,RU,1549140059,73,61.32,63.33,-16.29,4.47
Kandi,0,BJ,1549140060,33,11.13,2.93,75.25,6.6
Aykhal,64,RU,1549140060,54,65.95,111.51,-32.53,5.59
Walvis Bay,48,NA,1549137600,77,-22.95,14.51,66.2,5.82
Hohhot,0,CN,1549137600,47,40.81,111.65,14.0,4.14
Ribeira Grande,75,PT,1549137600,88,38.52,-28.7,62.6,9.17
Manta,8,RO,1549140061,75,45.1,24.1,30.79,3.58
Bodmin,0,GB,1549137000,100,50.47,-4.72,39.2,10.29
Hashtrud,0,IR,1549140062,92,37.48,47.05,22.42,3.47
Touho,56,NC,1549140063,91,-20.78,165.23,73.99,4.14
Sao Filipe,100,CV,1549140045,97,14.9,-24.5,71.15,17.67
Kayerkan,0,RU,1549140063,69,69.35,87.76,-35.77,3.02
Farsund,88,NO,1549140063,100,58.09,6.8,31.55,5.93
Nouadhibou,0,MR,1549140064,59,20.93,-17.03,69.58,11.41
Iquique,0,CL,1549137600,61,-20.22,-70.14,77.0,21.92
Longyearbyen,75,NO,1549137000,68,78.22,15.63,28.4,9.17
Karratha,32,AU,1549140064,35,-20.74,116.85,88.7,13.87
Teya,75,MX,1549136640,41,21.05,-89.07,91.4,3.36
Port Macquarie,88,AU,1549137600,100,-31.43,152.91,68.0,4.7
Pryazha,56,RU,1549137600,91,61.69,33.62,3.2,4.47
Kitimat,90,CA,1549137600,60,54.02,-128.69,10.4,20.8
Tezu,20,IN,1549140065,69,27.93,96.16,46.72,1.68
Cap Malheureux,20,MU,1549137600,83,-19.98,57.61,77.0,4.7
Cilegon,40,ID,1549137600,88,-6.02,106.05,77.0,5.82
Nome,40,US,1549138500,58,30.04,-94.42,71.78,11.41
Okha,80,RU,1549140067,88,53.59,142.95,2.04,24.72
Vathi,0,GR,1549138800,66,35.36,23.6,55.4,20.47
Garhi Khairo,20,PK,1549140067,94,28.06,67.98,50.95,2.68
Lalibela,0,ET,1549140067,56,12.04,39.05,42.04,3.13
La Ligua,20,CL,1549137600,82,-32.45,-71.23,66.2,13.87
Port Blair,0,IN,1549140068,100,11.67,92.75,81.55,8.16
Acapulco,5,MX,1549136520,65,16.86,-99.88,82.4,9.17
Ucluelet,40,CA,1549137600,81,48.94,-125.55,44.6,3.36
Sorland,64,NO,1549140069,100,67.67,12.69,31.1,31.21
Banamba,0,ML,1549140069,51,13.55,-7.45,74.26,4.25
Sao Joao da Barra,0,BR,1549140069,95,-21.64,-41.05,82.09,24.38
Tual,76,ID,1549140069,98,-5.67,132.75,83.94,18.12
Rapid Valley,1,US,1549138500,29,44.06,-103.15,62.06,19.46
Ambilobe,80,MG,1549140070,100,-13.19,49.05,72.32,1.9
Port Hardy,75,CA,1549137600,55,50.7,-127.42,37.4,8.05
Manbij,0,SY,1549138800,69,36.53,37.96,39.2,5.82
Alekseyevka,90,RU,1549137600,84,53.25,50.49,5.0,2.24
Nyimba,24,ZM,1549140071,81,-14.56,30.81,70.7,4.59
Yaring,48,TH,1549140071,91,6.87,101.37,76.06,4.03
Westport,88,IE,1549140072,96,53.8,-9.52,36.55,8.05
Tayzhina,56,RU,1549140072,53,53.67,87.44,-19.08,2.35
Lakes Entrance,8,AU,1549140072,91,-37.88,147.99,72.46,6.38
Mana,0,RS,1549139400,71,43.52,20.24,50.0,16.11
High Level,90,CA,1549137600,68,58.52,-117.13,-20.21,13.87
Wasilla,1,US,1549137480,35,61.58,-149.44,15.08,3.36
Lata,0,IN,1549140074,73,30.78,78.62,29.44,2.91
Kikwit,48,CD,1549140074,96,-5.04,18.82,72.73,2.91
Abu Kamal,0,SY,1549140074,80,34.45,40.92,38.57,3.02
Vestmannaeyjar,64,IS,1549140074,100,63.44,-20.27,27.28,17.67
Coxim,12,BR,1549140075,48,-18.5,-54.75,91.67,3.13
Half Moon Bay,75,US,1549137600,76,37.46,-122.43,60.08,19.46
Dok Kham Tai,0,TH,1549140075,84,19.16,99.99,59.32,2.57
Rabo de Peixe,75,PT,1549137600,72,37.8,-25.58,60.8,9.17
Ancud,0,CL,1549137600,32,-41.87,-73.83,84.2,10.29
Solnechnyy,0,RU,1549140076,27,50.72,136.64,-18.63,1.34
Lipin Bor,88,RU,1549140076,90,60.26,37.97,18.28,9.06
Monrovia,75,LR,1549137600,94,6.33,-10.8,78.8,6.15
Halifax,90,CA,1549137600,53,44.65,-63.58,21.2,17.22
Aklavik,5,CA,1549137600,74,68.22,-135.01,-14.81,6.93
Crotone,56,IT,1549140077,92,39.09,17.12,60.54,26.28
Sur,0,OM,1549140066,100,22.57,59.53,70.03,13.65
Mogadishu,0,SO,1549140078,100,2.04,45.34,78.62,23.94
Tavares,92,BR,1549140078,35,-7.64,-37.88,87.13,7.16
Tomioka,0,JP,1549140078,66,36.26,138.87,8.15,2.46
Groningen,90,NL,1549139100,93,53.22,6.57,39.2,3.36
Lagoa,0,PT,1549137600,61,37.14,-8.45,50.0,8.05
Nador,68,MA,1549137600,58,35.17,-2.93,55.4,17.22
Loreto,36,PY,1549140080,81,-23.27,-57.32,85.87,6.04
Carnarvon,0,ZA,1549139999,25,-30.97,22.13,66.43,11.41
Ngorongoro,8,TZ,1549140081,66,-3.24,35.49,53.87,3.47
Brae,24,GB,1549138800,100,60.4,-1.35,33.8,2.24
Henties Bay,48,NA,1549140082,96,-22.12,14.28,64.27,7.61
El Carmen de Bolivar,8,CO,1549140082,44,9.72,-75.12,94.51,3.36
Oksfjord,36,NO,1549138800,66,70.24,22.35,15.8,39.15
Torbay,90,CA,1549138080,67,47.66,-52.73,21.2,21.92
Coro,0,VE,1549140083,59,11.41,-69.67,84.43,11.63
La Libertad,40,PE,1549137600,60,-16.38,-71.56,68.0,13.87
Kattivakkam,40,IN,1549137600,88,13.22,80.32,75.2,6.71
Los Llanos de Aridane,75,ES,1549137600,55,28.66,-17.92,64.4,17.22
Vardo,1,US,1549138800,58,39.62,-77.74,39.2,3.24
Astana,0,KZ,1549137600,83,51.13,71.43,-7.61,6.71
Corowa,0,AU,1549137600,64,-36.0,146.39,75.2,5.82
Nanortalik,80,GL,1549140085,100,60.14,-45.24,27.32,22.03
Bolton,0,GB,1549138800,80,53.58,-2.43,33.8,1.12
Usolye,68,RU,1549140086,76,59.42,56.68,0.1,13.2
Dikson,8,RU,1549140086,75,73.51,80.55,-10.71,12.97
Bambous Virieux,20,MU,1549137600,83,-20.34,57.76,77.0,4.7
Tiarei,75,PF,1549137600,70,-17.53,-149.33,86.0,16.11
Silver City,40,US,1549138500,36,32.77,-108.28,58.46,12.75
Cairns,75,AU,1549137600,100,-16.92,145.77,77.0,13.98
Pacific Grove,90,US,1549139400,71,36.62,-121.92,57.92,8.05
Kalmunai,56,LK,1549140087,100,7.42,81.82,71.79,3.91
Zhuhai,0,CN,1549137600,47,40.71,112.04,14.0,6.71
Abaza,48,RU,1549140088,70,52.65,90.1,-17.1,1.57
Rusape,12,ZW,1549140088,96,-18.53,32.12,60.8,2.57
Tuatapere,44,NZ,1549140018,95,-46.13,167.69,56.71,3.91
Mahabad,56,IR,1549140089,86,36.77,45.72,22.78,2.91
Vila Franca do Campo,75,PT,1549137600,72,37.72,-25.43,60.8,9.17
Bestobe,76,KZ,1549140089,82,52.5,73.1,1.36,6.6
Maningrida,48,AU,1549140089,83,-12.05,134.23,83.26,27.85
Mount Gambier,0,AU,1549137600,76,-37.83,140.78,51.8,2.57
Belyy Yar,36,RU,1549137600,74,53.6,91.39,-23.81,2.68
Amga,68,RU,1549140090,41,60.89,131.98,-27.22,5.48
Kasongo-Lunda,36,CD,1549140090,94,-6.48,16.82,72.28,2.24
Sao Felix do Xingu,20,BR,1549140091,80,-6.64,-51.99,82.67,2.68
Grindavik,90,IS,1549139400,68,63.84,-22.43,26.6,18.34
San Quintin,0,PH,1549140091,84,17.54,120.52,60.76,2.91
Mangan,0,IN,1549140092,50,27.5,88.54,6.94,0.89
Coquimbo,40,CL,1549137600,77,-29.95,-71.34,68.0,14.99
Verkhnevilyuysk,68,RU,1549140092,53,63.45,120.31,-31.41,9.28
Mayo,5,CA,1549137600,64,63.59,-135.9,-41.81,2.24
Petropavlovsk-Kamchatskiy,20,RU,1549137600,92,53.05,158.65,15.8,2.24
Nuuk,90,GL,1549137000,62,64.17,-51.74,19.4,27.51
Bumba,36,CD,1549140093,81,2.18,22.47,80.83,0.89
Puerto Carreno,40,CO,1549137600,44,6.19,-67.49,93.2,4.7
Clyde River,75,CA,1549137600,83,70.47,-68.59,-7.61,18.34
Bitam,44,GA,1549140094,90,2.08,11.49,74.3,2.91
Mukhen,0,RU,1549140094,62,48.19,136.14,-14.04,3.58
Orlovskiy,88,RU,1549140095,90,46.87,42.05,26.83,3.69
Jalpatagua,24,GT,1549140095,30,14.13,-90.01,83.26,4.25
Ayagoz,32,KZ,1549140095,58,47.96,80.43,-7.65,5.03
Shimoda,0,JP,1549140044,100,34.7,138.93,50.72,11.74
Cidreira,64,BR,1549140080,89,-30.17,-50.22,78.09,7.94
Plattling,92,DE,1549140096,93,48.78,12.88,31.96,2.13
Phuthaditjhaba,92,ZA,1549140096,96,-28.53,28.82,50.59,1.68
Belaya Gora,12,RU,1549140096,69,68.54,146.19,-35.77,3.24
Palatka,90,US,1549138680,77,29.65,-81.64,75.2,8.05
Hofn,0,IS,1549140097,100,64.25,-15.21,24.31,4.14
Vung Tau,56,VN,1549140097,96,10.35,107.08,78.22,16.44
Washougal,90,US,1549138500,89,45.58,-122.35,50.0,6.93
Galway,20,IE,1549139400,91,53.27,-9.05,33.8,3.36
Grafton,40,AU,1549137600,100,-29.69,152.93,69.8,4.7
Panambi,76,BR,1549140021,60,-28.29,-53.5,81.73,10.63
Huangchuan,0,CN,1549137600,81,24.57,102.46,42.8,8.95
Port Hedland,0,AU,1549137600,89,-20.31,118.58,84.2,14.99
Katangli,56,RU,1549140099,100,51.71,143.23,8.29,21.03
Port Hawkesbury,20,CA,1549137600,44,45.62,-61.36,21.2,14.99
Kavaratti,0,IN,1549140088,98,10.57,72.64,83.35,5.93
Batagay,8,RU,1549140100,0,67.65,134.64,-59.13,2.68
Noumea,40,NC,1549139400,74,-22.28,166.46,78.8,4.7
Pavlovskiy Posad,90,RU,1549137600,92,55.78,38.65,23.0,8.95
Carutapera,92,BR,1549140101,83,-1.2,-46.02,81.77,8.72
Develi,0,TR,1549138800,79,38.39,35.49,28.4,6.93
Meulaboh,48,ID,1549140101,100,4.14,96.13,78.99,3.58
Gravdal,0,NO,1549138800,73,59.79,5.78,28.4,6.93
La Ronge,90,CA,1549137600,69,55.1,-105.3,-13.01,11.41
Jhang,0,PK,1549137600,81,33.67,72.7,48.2,5.14
Gamba,0,CN,1549140103,38,28.28,88.52,-23.49,2.35
Deputatskiy,0,RU,1549140089,0,69.3,139.9,-45.54,2.91
Nenagh,20,IE,1549139400,93,52.86,-8.2,33.8,3.36
Tuy Hoa,56,VN,1549140103,100,13.08,109.3,67.15,4.25
Yarada,0,IN,1549140103,100,17.65,83.27,77.23,5.59
Norman Wells,20,CA,1549137600,67,65.28,-126.83,-27.41,2.24
Sancti Spiritus,36,CU,1549140104,73,21.93,-79.44,78.58,5.7
Pangnirtung,40,CA,1549137600,39,66.15,-65.72,12.2,2.24
Smithers,75,CA,1549138080,53,54.78,-127.17,-2.21,10.29
Magadi,56,IN,1549137600,100,12.96,77.22,66.2,4.7
Vostok,8,RU,1549140105,59,46.45,135.83,-13.63,2.13
Tucuman,56,PE,1549140105,68,-17.17,-70.89,69.94,4.7
Vechelde,90,DE,1549138800,99,52.26,10.37,33.8,4.7
Viedma,0,AR,1549140013,37,-40.81,-62.99,70.07,10.18
Sahuaripa,44,MX,1549139847,50,29.05,-109.23,68.5,2.57
Kushima,12,JP,1549140106,100,31.5,131.29,42.8,4.03
Ostrovnoy,44,RU,1549140107,88,68.05,39.51,4.42,7.16
Parrita,40,CR,1549137600,57,9.52,-84.33,80.6,19.46
Hambantota,20,LK,1549140107,100,6.12,81.12,78.04,14.2
Sola,20,NO,1549138800,73,58.89,5.65,26.6,3.36
Karpogory,88,RU,1549140108,72,64.0,44.44,12.97,4.7
Abeche,0,TD,1549140108,39,13.83,20.83,72.5,6.6
Aksay,75,RU,1549137600,92,47.27,39.86,30.2,8.95
Assens,90,CH,1549138800,100,46.61,6.62,37.4,2.91
Were Ilu,0,ET,1549140109,72,10.6,39.43,34.75,0.78
Coffs Harbour,40,AU,1549137600,94,-30.3,153.13,71.6,3.36
Sabla,0,NG,1549140109,31,12.75,4.71,72.55,6.71
Coihaique,20,CL,1549137600,30,-45.58,-72.07,86.0,5.82
Yetkul,90,RU,1549137600,92,54.83,61.59,10.4,6.71
Jati,0,PK,1549140111,89,24.35,68.27,51.31,8.95
Wajir,0,KE,1549140111,43,1.75,40.07,73.67,4.47
Sungairaya,80,ID,1549140111,100,0.7,108.9,73.18,1.34
Sindhnur,20,IN,1549140112,71,15.78,76.77,64.09,7.27
Nelson Bay,64,AU,1549137600,100,-32.72,152.14,69.8,4.03
Okhotsk,76,RU,1549140113,99,59.36,143.24,7.21,6.6
Rundu,32,NA,1549140113,79,-17.91,19.77,71.74,3.13
Chepareria,0,KE,1549140114,74,1.32,35.2,47.49,0.67
Tabas,88,IR,1549137600,30,33.6,56.92,57.2,4.7
Provins,90,FR,1549137600,97,48.56,3.3,39.2,17.22
Celestun,0,MX,1549140114,93,20.87,-90.4,75.88,12.41
Sabang,36,PH,1549140115,98,13.72,123.58,74.08,9.73
Harper,75,US,1549139700,74,30.3,-99.24,66.02,4.7
Banfora,24,BF,1549140118,67,10.64,-4.75,80.29,2.68
Muramatsu,92,JP,1549140118,87,37.68,139.18,36.82,3.24
Buchanan,75,LR,1549137600,94,5.88,-10.05,78.8,5.14
West Bay,0,GB,1549138800,86,50.71,-2.76,35.6,8.05
Pargolovo,75,RU,1549137600,92,60.08,30.28,26.6,15.66
Caravelas,12,BR,1549140119,100,-17.73,-39.27,81.69,15.99
Bereda,40,ES,1549137600,87,43.27,-7.54,42.8,4.7
Komsomolets,80,RU,1549140120,91,52.77,41.29,19.18,5.26
Athabasca,48,CA,1549140120,75,54.72,-113.29,-4.59,8.72
Fort Nelson,75,CA,1549137600,63,58.81,-122.69,-11.21,10.29
Sumy,88,UA,1549140121,99,50.91,34.8,32.95,9.17
Aksarka,32,RU,1549140121,0,66.56,67.8,-38.88,4.59
Mapiripan,0,CO,1549140122,37,2.89,-72.13,95.41,7.72
Isla Mujeres,75,MX,1549136580,69,21.23,-86.73,82.4,11.41
Alzamay,32,RU,1549140122,78,55.55,98.67,-18.27,2.68
Anan,75,JP,1549137600,93,33.91,134.64,35.6,8.05
La Concepcion,20,PA,1549137600,52,8.51,-82.62,89.6,11.41
Sao Gabriel da Cachoeira,92,BR,1549140123,98,-0.13,-67.09,72.82,2.57
Haines Junction,0,CA,1549140123,56,60.75,-137.51,-21.73,2.35
Mombasa,40,KE,1549137600,88,-4.05,39.67,78.8,1.12
Gbadolite,0,CD,1549140124,90,4.28,21.0,74.62,1.9
Bhusawal,88,IN,1549140124,58,21.05,75.78,71.34,4.7
Lang Son,92,VN,1549140124,96,21.83,106.73,63.46,4.59
Dawei,0,MM,1549140125,90,14.07,98.19,73.14,1.68
Praia,24,BR,1549140125,35,-20.25,-43.81,86.72,2.35
Acari,44,BR,1549140125,51,-6.44,-36.64,83.49,10.63
Saurimo,56,AO,1549140126,100,-9.66,20.4,68.0,3.69
Ust-Kan,76,RU,1549140126,80,50.93,84.77,-7.87,2.35
Blackwater,90,GB,1549138800,74,51.33,-0.78,39.2,6.93
Sulangan,80,PH,1549140126,100,11.14,123.72,78.09,18.12
Misratah,36,LY,1549140048,51,32.38,15.09,69.04,18.01
San Cristobal,40,EC,1549137600,64,-0.39,-78.55,69.8,16.11
Wawa,8,NG,1549140128,48,9.9,4.41,75.88,4.59
Narsaq,40,GL,1549137000,47,60.91,-46.05,15.8,24.16
Brightwater,0,NZ,1549140128,71,-41.37,173.11,60.62,1.12
Manaus,75,BR,1549137600,94,-3.13,-59.98,77.0,2.24
Beya,48,RU,1549140130,61,53.05,90.92,-15.03,1.45
Bara,0,NG,1549140130,32,10.41,10.6,72.64,6.93
Bafq,0,IR,1549140130,48,31.6,55.4,38.89,2.91
Port Augusta,0,AU,1549137600,56,-32.49,137.76,68.0,2.24
Joshimath,0,IN,1549140131,95,30.57,79.57,-6.48,0.11
Almansa,0,ES,1549137600,69,38.87,-1.1,35.6,19.46
Medina del Campo,20,ES,1549137600,74,41.31,-4.92,33.8,13.87
Prado,64,BR,1549140132,100,-17.34,-39.22,80.56,14.65
Ruwi,0,OM,1549137000,68,23.6,58.55,71.6,5.82
Kindu,44,CD,1549140132,90,-2.95,25.92,74.8,1.57
Turbat,0,PK,1549140132,88,26.0,63.05,56.12,3.8
Poplar Bluff,40,US,1549138500,62,36.76,-90.39,62.6,10.29
Abha,0,SA,1549137600,67,18.22,42.5,57.2,1.34
Bayburt,0,TR,1549140133,66,40.26,40.22,3.65,2.01
Dibrugarh,56,IN,1549140134,90,27.48,94.9,49.6,2.35
Svetlogorsk,36,RU,1549137600,84,53.14,59.15,5.0,2.24
Bridgeton,40,US,1549137360,57,38.77,-90.41,59.0,8.05
Saint-Joseph,44,FR,1549139400,87,43.56,6.97,46.4,4.7
Mezen,80,RU,1549140135,72,65.85,44.24,6.8,5.93
Beloha,0,MG,1549140003,74,-25.17,45.06,73.54,14.65
Junagarh,0,IN,1549140135,80,19.86,82.94,51.09,0.11
Kjopsvik,56,NO,1549138800,53,68.1,16.37,23.0,3.36
Padang,36,ID,1549140031,100,-0.92,100.36,79.07,2.68
Mayskiy,90,RU,1549137600,93,43.63,44.06,41.0,2.24
Aripuana,32,BR,1549140136,90,-9.17,-60.63,81.1,0.11
Oranjemund,92,ZA,1549140137,93,-28.55,16.43,64.81,1.57
Sao Francisco,75,BR,1549137600,74,-25.65,-53.85,84.2,6.93
Nemuro,32,JP,1549140137,100,43.32,145.57,28.09,22.93
Honningsvag,20,NO,1549135200,72,70.98,25.97,10.4,17.22
Warrensburg,90,US,1549139700,76,38.76,-93.74,59.0,9.17
Ambon,20,FR,1549137600,64,47.55,-2.56,37.4,8.05
Yasnyy,88,RU,1549140138,86,64.04,44.09,14.19,2.13
Dedougou,0,BF,1549140138,54,12.47,-3.47,75.43,3.36
Ardakan,75,IR,1549137600,43,32.31,54.02,55.4,13.87
Alawalpur,0,IN,1549140139,83,31.43,75.65,44.11,4.59
Santa Isabel do Rio Negro,88,BR,1549140139,84,-0.41,-65.02,81.24,1.9
Idrinskoye,56,RU,1549140139,32,54.37,92.14,-23.13,2.68
Dauphin,90,CA,1549137600,83,51.15,-100.04,-5.81,14.99
Monte Escobedo,8,MX,1549140140,27,22.3,-103.58,72.37,2.68
Ornskoldsvik,92,SE,1549137000,85,63.29,18.72,14.0,9.17
Shingu,0,JP,1549140077,100,33.72,135.99,50.27,7.72
Aginskoye,0,RU,1549140141,25,51.11,114.54,-18.36,12.41
Picos,32,BR,1549140141,69,-7.08,-41.47,81.82,3.13
College,1,US,1549137480,76,64.86,-147.8,1.94,3.36
Hami,0,CN,1549140142,43,42.84,93.51,-0.99,6.49
Palmer,1,US,1549137480,43,61.6,-149.11,15.08,9.17
Fare,64,PF,1549140143,100,-16.7,-151.02,81.19,15.99
Kholodnyy,48,RU,1549140143,60,62.72,147.95,-9.45,9.84
Jizan,20,SA,1549137600,83,16.89,42.56,78.8,3.36
Van,40,TR,1549137000,85,38.51,43.37,23.0,2.24
Sao Joao do Piaui,80,BR,1549140144,56,-8.36,-42.25,87.76,2.91
Montalvo,76,ES,1549137600,89,40.94,-5.66,32.0,8.05
Waipawa,76,NZ,1549140145,69,-39.94,176.59,62.92,8.72
Saint-Pierre,75,FR,1549137600,93,48.95,4.24,37.4,16.11
Nakamura,20,JP,1549137600,75,35.17,136.87,44.6,11.41
Davila,20,PH,1549140145,100,18.47,120.58,74.75,12.64
Mugur-Aksy,44,RU,1549140146,73,50.38,90.44,-16.56,3.8
Arman,48,RU,1549140146,62,59.7,150.17,-0.45,16.67
Fakse Ladeplads,92,DK,1549138800,100,55.22,12.17,35.6,10.29
Ilhabela,0,BR,1549140146,100,-23.78,-45.36,81.64,4.47
Golden,90,CA,1549137600,86,51.3,-116.96,37.4,4.7
Lere,8,TD,1549140147,36,9.66,14.23,76.29,7.49
Ulaangom,20,MN,1549140146,34,49.98,92.07,-27.54,0.67
Kaputa,56,ZM,1549140147,99,-8.47,29.66,64.14,2.57
Moose Factory,1,CA,1549137600,58,51.26,-80.61,-4.01,10.29
Zhezkazgan,24,KZ,1549140148,50,47.8,67.71,-3.82,5.48
Homer,90,US,1549137180,81,59.64,-151.54,30.02,4.7
